,Symbol,Name,Price,Change %,24h Volume,Market Cap,URL
0,BTC,Bitcoin,"$23,713.35",+0.78%,"25,221.54M","$457,790.65M",https://www.binance.com/en/trade/BTC_BUSD?_from=markets
1,ETH,Ethereum,"$1,657.32",+0.82%,"8,076.81M","$202,812.65M",https://www.binance.com/en/trade/ETH_BUSD?_from=markets
2,USDT,TetherUS,$1.00,+0.00%,"35,197.17M","$70,968.42M",https://www.binance.com/en/trade/BUSD_USDT?_from=markets
3,BNB,BNB,$302.60,-0.56%,391.36M,"$47,779.04M",https://www.binance.com/en/trade/BNB_BUSD?_from=markets
4,XRP,Ripple,$0.38090000,+0.29%,976.16M,"$19,407.20M",https://www.binance.com/en/trade/XRP_BUSD?_from=markets
5,ADA,Cardano,$0.36120000,-0.50%,269.67M,"$12,523.16M",https://www.binance.com/en/trade/ADA_BUSD?_from=markets
6,DOGE,Dogecoin,$0.08182000,-0.12%,327.75M,"$10,855.12M",https://www.binance.com/en/trade/DOGE_BUSD?_from=markets
7,MATIC,Polygon,$1.23,-0.53%,563.02M,"$10,743.21M",https://www.binance.com/en/trade/MATIC_BUSD?_from=markets
8,BUSD,BUSD,$1.00,+0.00%,"6,307.99M","$10,529.34M",https://www.binance.com/en/trade/BUSD_USDT?_from=markets
9,SOL,Solana,$22.54,-0.35%,379.03M,"$8,532.72M",https://www.binance.com/en/trade/SOL_BUSD?_from=markets
10,DOT,Polkadot,$6.46,-0.40%,275.46M,"$7,507.14M",https://www.binance.com/en/trade/DOT_BUSD?_from=markets
11,LTC,Litecoin,$97.67,+2.37%,549.73M,"$7,070.09M",https://www.binance.com/en/trade/LTC_BUSD?_from=markets
12,SHIB,SHIBA INU,$0.00001224,-1.45%,176.77M,"$6,720.53M",https://www.binance.com/en/trade/SHIB_BUSD?_from=markets
13,TRX,TRON,$0.07002000,+0.76%,216.79M,"$6,401.22M",https://www.binance.com/en/trade/TRX_BUSD?_from=markets
14,AVAX,Avalanche,$17.60,+0.06%,178.04M,"$5,716.17M",https://www.binance.com/en/trade/AVAX_BUSD?_from=markets
15,DAI,Dai,$1.00,+0.01%,179.28M,"$5,210.21M",https://www.binance.com/en/trade/DAI_BUSD?_from=markets
16,UNI,Uniswap,$6.80,+3.52%,98.09M,"$5,183.02M",https://www.binance.com/en/trade/UNI_BUSD?_from=markets
17,LINK,ChainLink,$7.43,+0.54%,313.60M,"$3,774.43M",https://www.binance.com/en/trade/LINK_BUSD?_from=markets
18,ATOM,Cosmos,$12.78,+1.90%,125.44M,"$3,659.81M",https://www.binance.com/en/trade/ATOM_BUSD?_from=markets
19,WBTC,Wrapped Bitcoin,"$23,733.42",+0.92%,193.10M,"$3,637.47M",https://www.binance.com/en/trade/WBTC_BUSD?_from=markets
20,ETC,Ethereum Classic,$21.20,-0.24%,133.64M,"$2,961.38M",https://www.binance.com/en/trade/ETC_BUSD?_from=markets
21,FIL,Filecoin,$7.19,+8.40%,470.82M,"$2,836.06M",https://www.binance.com/en/trade/FIL_BUSD?_from=markets
22,XMR,Monero,$153.10,+0.53%,79.80M,"$2,793.57M",https://www.binance.com/en/trade/XMR_BUSD?_from=markets
23,BCH,Bitcoin Cash,$134.10,+0.37%,187.57M,"$2,591.53M",https://www.binance.com/en/trade/BCH_BUSD?_from=markets
24,LDO,Lido DAO,$3.00,-2.47%,201.12M,"$2,544.17M",https://www.binance.com/en/trade/LDO_BUSD?_from=markets
25,XLM,Stellar Lumens,$0.08800000,+0.34%,57.27M,"$2,325.31M",https://www.binance.com/en/trade/XLM_BUSD?_from=markets
26,APT,Aptos,$13.04,+5.82%,703.87M,"$2,120.62M",https://www.binance.com/en/trade/APT_BUSD?_from=markets
27,VET,VeChain,$0.02820000,+1.92%,55.53M,"$2,044.81M",https://www.binance.com/en/trade/VET_BUSD?_from=markets
28,NEAR,NEAR Protocol,$2.30,+0.31%,103.35M,"$1,986.44M",https://www.binance.com/en/trade/NEAR_BUSD?_from=markets
29,HBAR,Hedera Hashgraph,$0.07000000,-1.13%,55.28M,"$1,956.17M",https://www.binance.com/en/trade/HBAR_BUSD?_from=markets
30,APE,ApeCoin,$5.12,-0.56%,106.65M,"$1,887.20M",https://www.binance.com/en/trade/APE_BUSD?_from=markets
31,ALGO,Algorand,$0.25150000,+0.08%,54.72M,"$1,790.22M",https://www.binance.com/en/trade/ALGO_BUSD?_from=markets
32,ICP,Internet Computer,$6.11,+1.08%,49.18M,"$1,780.05M",https://www.binance.com/en/trade/ICP_BUSD?_from=markets
33,QNT,Quant,$127.50,-1.16%,24.84M,"$1,539.27M",https://www.binance.com/en/trade/QNT_BUSD?_from=markets
34,GRT,The Graph,$0.16120000,+0.12%,78.27M,"$1,422.45M",https://www.binance.com/en/trade/GRT_BUSD?_from=markets
35,STX,Stacks,$0.96220000,+3.53%,433.42M,"$1,313.41M",https://www.binance.com/en/trade/STX_BUSD?_from=markets
36,EOS,EOS,$1.19,+1.10%,181.82M,"$1,286.70M",https://www.binance.com/en/trade/EOS_BUSD?_from=markets
37,FTM,Fantom,$0.46110000,+1.18%,249.71M,"$1,280.14M",https://www.binance.com/en/trade/FTM_BUSD?_from=markets
38,FLOW,Flow,$1.18,-1.42%,39.02M,"$1,222.71M",https://www.binance.com/en/trade/FLOW_BUSD?_from=markets
39,EGLD,MultiversX,$48.64,-3.51%,56.45M,"$1,219.45M",https://www.binance.com/en/trade/EGLD_BUSD?_from=markets
40,MANA,Decentraland,$0.65120000,-0.81%,88.12M,"$1,208.03M",https://www.binance.com/en/trade/MANA_BUSD?_from=markets
41,THETA,Theta Token,$1.19,+2.14%,23.87M,"$1,190.00M",https://www.binance.com/en/trade/THETA_BUSD?_from=markets
42,AAVE,Aave,$82.00,+3.14%,86.86M,"$1,155.64M",https://www.binance.com/en/trade/AAVE_BUSD?_from=markets
43,AXS,Axie Infinity,$9.96,-0.20%,54.49M,"$1,133.48M",https://www.binance.com/en/trade/AXS_BUSD?_from=markets
44,LUNC,Terra Classic,$0.00016483,+0.73%,67.44M,"$1,132.30M",https://www.binance.com/en/trade/LUNC_BUSD?_from=markets
45,XTZ,Tezos,$1.19,+0.76%,28.06M,"$1,105.23M",https://www.binance.com/en/trade/XTZ_BUSD?_from=markets
46,SAND,The Sandbox,$0.69990000,-1.24%,145.24M,"$1,049.47M",https://www.binance.com/en/trade/SAND_BUSD?_from=markets
47,CHZ,Chiliz,$0.13640000,+1.41%,154.30M,$915.72M,https://www.binance.com/en/trade/CHZ_BUSD?_from=markets
48,RPL,Rocket Pool,$47.28,-0.17%,20.17M,$903.68M,https://www.binance.com/en/trade/RPL_BUSD?_from=markets
49,MKR,Maker,$920.00,+15.43%,143.44M,$899.42M,https://www.binance.com/en/trade/MKR_BUSD?_from=markets
50,MKR,Maker,$920.00,+15.43%,143.44M,$899.42M,https://www.binance.com/en/trade/MKR_BUSD?_from=markets
51,NEO,NEO,$12.71,+2.33%,130.78M,$896.54M,https://www.binance.com/en/trade/NEO_BUSD?_from=markets
52,IMX,ImmutableX,$1.05,-5.13%,63.29M,$891.82M,https://www.binance.com/en/trade/IMX_BUSD?_from=markets
53,OP,Optimism,$2.75,-1.26%,280.70M,$865.82M,https://www.binance.com/en/trade/OP_BUSD?_from=markets
54,KLAY,Klaytn,$0.27590000,-4.50%,80.03M,$848.55M,https://www.binance.com/en/trade/KLAY_BUSD?_from=markets
55,MINA,Mina,$0.96700000,-1.23%,55.73M,$823.45M,https://www.binance.com/en/trade/MINA_BUSD?_from=markets
56,DASH,Dash,$73.31,+0.31%,103.15M,$815.26M,https://www.binance.com/en/trade/DASH_BUSD?_from=markets
57,SNX,Synthetix Network Token,$3.02,+4.86%,102.23M,$763.77M,https://www.binance.com/en/trade/SNX_BUSD?_from=markets
58,CRV,Curve,$1.03,+0.19%,75.19M,$753.44M,https://www.binance.com/en/trade/CRV_BUSD?_from=markets
59,CAKE,PancakeSwap,$3.96,-0.35%,37.09M,$748.02M,https://www.binance.com/en/trade/CAKE_BUSD?_from=markets
60,ZEC,Zcash,$44.50,+0.23%,59.51M,$726.60M,https://www.binance.com/en/trade/ZEC_BUSD?_from=markets
61,IOTA,MIOTA,$0.25070000,+2.58%,14.94M,$696.82M,https://www.binance.com/en/trade/IOTA_BUSD?_from=markets
62,BTTC,BitTorrent,$0.00000073,+0.00%,13.25M,$694.53M,https://www.binance.com/en/trade/BTTC_BUSD?_from=markets
63,XEC,eCash,$0.00003481,+0.40%,8.25M,$672.58M,https://www.binance.com/en/trade/XEC_BUSD?_from=markets
64,AGIX,SingularityNET Token,$0.53861000,+4.73%,371.71M,$648.54M,https://www.binance.com/en/trade/AGIX_BUSD?_from=markets
65,GMX,GMX,$75.49,+0.47%,61.87M,$642.44M,https://www.binance.com/en/trade/GMX_BUSD?_from=markets
66,CFX,Conflux Network,$0.24850000,+17.22%,359.63M,$628.75M,https://www.binance.com/en/trade/CFX_BUSD?_from=markets
67,TWT,Trust Wallet Token,$1.33,-1.56%,23.54M,$554.14M,https://www.binance.com/en/trade/TWT_BUSD?_from=markets
68,RUNE,THORChain,$1.66,+2.35%,42.92M,$542.91M,https://www.binance.com/en/trade/RUNE_BUSD?_from=markets
69,ZIL,Zilliqa,$0.03191000,-0.31%,30.91M,$506.33M,https://www.binance.com/en/trade/ZIL_BUSD?_from=markets
70,DYDX,dYdX,$3.23,+5.45%,214.52M,$504.70M,https://www.binance.com/en/trade/DYDX_BUSD?_from=markets
71,PAXG,PAX Gold,"$1,826.00",+0.66%,10.98M,$495.32M,https://www.binance.com/en/trade/PAXG_BUSD?_from=markets
72,1INCH,1inch,$0.59000000,+0.85%,31.52M,$489.78M,https://www.binance.com/en/trade/1INCH_BUSD?_from=markets
73,CVX,Convex Finance,$6.46,+4.82%,13.65M,$484.90M,https://www.binance.com/en/trade/CVX_BUSD?_from=markets
74,LRC,Loopring,$0.36300000,-0.27%,46.66M,$482.83M,https://www.binance.com/en/trade/LRC_BUSD?_from=markets
75,FTT,FTX Token,$1.46,-0.70%,6.57M,$480.18M,https://www.binance.com/en/trade/FTT_BUSD?_from=markets
76,ENJ,Enjin Coin,$0.47670000,-0.10%,28.51M,$476.70M,https://www.binance.com/en/trade/ENJ_BUSD?_from=markets
77,XEM,NEM,$0.05200000,-3.88%,62.52M,$467.99M,https://www.binance.com/en/trade/XEM_USDT?_from=markets
78,OSMO,Osmosis,$0.94900000,-0.21%,15.56M,$467.46M,https://www.binance.com/en/trade/OSMO_BUSD?_from=markets
79,BAT,Basic Attention Token,$0.29930000,+0.44%,31.29M,$448.15M,https://www.binance.com/en/trade/BAT_BUSD?_from=markets
80,SSV,SSV Token,$41.95,-5.56%,85.37M,$419.50M,https://www.binance.com/en/trade/SSV_BUSD?_from=markets
81,FET,Fetch.AI,$0.48910000,+6.93%,178.13M,$400.53M,https://www.binance.com/en/trade/FET_BUSD?_from=markets
82,NEXO,Nexo,$0.70000000,-0.28%,6.33M,$392.00M,https://www.binance.com/en/trade/NEXO_BUSD?_from=markets
83,LUNA,Terra,$1.73,+0.23%,46.50M,$389.97M,https://www.binance.com/en/trade/LUNA_BUSD?_from=markets
84,RNDR,Render Token,$1.52,-2.57%,83.44M,$385.77M,https://www.binance.com/en/trade/RNDR_BUSD?_from=markets
85,KAVA,Kava,$0.89600000,+2.17%,22.96M,$382.62M,https://www.binance.com/en/trade/KAVA_BUSD?_from=markets
86,ANKR,Ankr,$0.03959000,-1.91%,98.45M,$382.55M,https://www.binance.com/en/trade/ANKR_BUSD?_from=markets
87,CELO,Celo,$0.77600000,+0.91%,11.65M,$381.42M,https://www.binance.com/en/trade/CELO_BUSD?_from=markets
88,ROSE,Oasis Network,$0.06611000,+0.55%,24.90M,$378.52M,https://www.binance.com/en/trade/ROSE_BUSD?_from=markets
89,HNT,Helium,$2.73,+0.78%,2.67M,$377.02M,https://www.binance.com/en/trade/HNT_BUSD?_from=markets
90,RVN,Ravencoin,$0.03085000,+2.32%,13.06M,$375.03M,https://www.binance.com/en/trade/RVN_BUSD?_from=markets
91,COMP,Compound,$50.82,+2.21%,26.66M,$369.31M,https://www.binance.com/en/trade/COMP_BUSD?_from=markets
92,TFUEL,Theta Fuel,$0.06020000,-2.27%,11.95M,$364.11M,https://www.binance.com/en/trade/TFUEL_BUSD?_from=markets
93,HOT,Holo,$0.00208400,+0.48%,18.44M,$361.24M,https://www.binance.com/en/trade/HOT_BUSD?_from=markets
94,WOO,WOO Network,$0.21680000,-1.09%,20.68M,$357.11M,https://www.binance.com/en/trade/WOO_BUSD?_from=markets
95,YFI,yearn.finance,"$9,727.00",+2.69%,77.71M,$356.36M,https://www.binance.com/en/trade/YFI_BUSD?_from=markets
96,T,Threshold,$0.04034000,+3.01%,106.45M,$351.87M,https://www.binance.com/en/trade/T_BUSD?_from=markets
97,QTUM,Qtum,$3.35,+0.60%,59.07M,$350.26M,https://www.binance.com/en/trade/QTUM_BUSD?_from=markets
98,DCR,Decred,$23.69,-1.70%,1.54M,$349.91M,https://www.binance.com/en/trade/DCR_USDT?_from=markets
99,MOB,MobileCoin,$1.79,+0.39%,3.06M,$349.56M,https://www.binance.com/en/trade/MOB_BUSD?_from=markets
100,BAL,Balancer,$7.24,-0.51%,57.56M,$343.57M,https://www.binance.com/en/trade/BAL_BUSD?_from=markets
101,MAGIC,Magic,$1.60,-0.21%,100.90M,$338.51M,https://www.binance.com/en/trade/MAGIC_BUSD?_from=markets
102,AR,Arweave,$10.01,-2.15%,35.60M,$334.28M,https://www.binance.com/en/trade/AR_BUSD?_from=markets
103,ASTR,Astar,$0.07930000,+0.76%,12.51M,$329.42M,https://www.binance.com/en/trade/ASTR_BUSD?_from=markets
104,ENS,Ethereum Name Service,$16.04,+2.30%,36.17M,$324.72M,https://www.binance.com/en/trade/ENS_BUSD?_from=markets
105,KSM,Kusama,$37.40,-0.72%,23.99M,$316.78M,https://www.binance.com/en/trade/KSM_BUSD?_from=markets
106,AUDIO,Audius,$0.31840000,-2.12%,30.38M,$315.41M,https://www.binance.com/en/trade/AUDIO_BUSD?_from=markets
107,SUSHI,Sushi,$1.34,+1.90%,43.79M,$297.82M,https://www.binance.com/en/trade/SUSHI_BUSD?_from=markets
108,BNX,BinaryX,$1.01,-3.36%,49.60M,$292.01M,https://www.binance.com/en/trade/BNX_BUSD?_from=markets
109,ONE,Harmony,$0.02204000,+0.05%,17.76M,$289.45M,https://www.binance.com/en/trade/ONE_BUSD?_from=markets
110,GALA,Gala,$0.04119000,+0.76%,128.87M,$287.39M,https://www.binance.com/en/trade/GALA_BUSD?_from=markets
111,JASMY,JasmyCoin,$0.00600500,-0.41%,50.98M,$285.65M,https://www.binance.com/en/trade/JASMY_BUSD?_from=markets
112,WAVES,Waves,$2.57,+0.94%,55.85M,$284.02M,https://www.binance.com/en/trade/WAVES_BUSD?_from=markets
113,MASK,Mask Network,$4.15,+6.39%,143.62M,$283.02M,https://www.binance.com/en/trade/MASK_BUSD?_from=markets
114,GLM,Golem,$0.27230000,+0.52%,6.46M,$272.30M,https://www.binance.com/en/trade/GLM_BUSD?_from=markets
115,INJ,Injective,$3.72,+1.64%,26.68M,$271.58M,https://www.binance.com/en/trade/INJ_BUSD?_from=markets
116,USTC,TerraClassicUSD,$0.02707555,-0.86%,12.75M,$265.30M,https://www.binance.com/en/trade/USTC_BUSD?_from=markets
117,JST,JUST,$0.02978000,+0.17%,15.03M,$265.10M,https://www.binance.com/en/trade/JST_BUSD?_from=markets
118,IOTX,IoTeX,$0.02787000,-0.82%,9.56M,$263.35M,https://www.binance.com/en/trade/IOTX_BUSD?_from=markets
119,OCEAN,Ocean Protocol,$0.41750000,+3.47%,45.82M,$255.96M,https://www.binance.com/en/trade/OCEAN_BUSD?_from=markets
120,GLMR,Glimmer,$0.43580000,-1.09%,9.88M,$254.74M,https://www.binance.com/en/trade/GLMR_BUSD?_from=markets
121,ZRX,0x,$0.30030000,+13.79%,198.73M,$254.50M,https://www.binance.com/en/trade/ZRX_BUSD?_from=markets
122,BAND,BAND,$2.05,+1.54%,15.63M,$252.62M,https://www.binance.com/en/trade/BAND_BUSD?_from=markets
123,ICX,ICON,$0.26130000,+3.49%,17.86M,$248.06M,https://www.binance.com/en/trade/ICX_BUSD?_from=markets
124,KDA,Kadena,$1.11,-0.71%,7.28M,$245.08M,https://www.binance.com/en/trade/KDA_BUSD?_from=markets
125,RSR,Reserve Rights,$0.00529000,+2.16%,15.12M,$241.28M,https://www.binance.com/en/trade/RSR_BUSD?_from=markets
126,SC,Siacoin,$0.00450000,-0.66%,9.02M,$240.22M,https://www.binance.com/en/trade/SC_BUSD?_from=markets
127,OMG,OMG Network,$1.71,-1.15%,18.50M,$239.81M,https://www.binance.com/en/trade/OMG_BUSD?_from=markets
128,AMP,AMP,$0.00556000,-0.89%,19.64M,$234.78M,https://www.binance.com/en/trade/AMP_BUSD?_from=markets
129,BICO,Biconomy,$0.47400000,+5.33%,10.11M,$232.39M,https://www.binance.com/en/trade/BICO_BUSD?_from=markets
130,GMT,Green Metaverse Token,$0.38430000,-0.34%,62.84M,$230.58M,https://www.binance.com/en/trade/GMT_BUSD?_from=markets
131,ONT,Ontology,$0.25970000,+2.41%,24.70M,$227.30M,https://www.binance.com/en/trade/ONT_BUSD?_from=markets
132,FLUX,Flux,$0.81900000,-2.73%,15.31M,$227.24M,https://www.binance.com/en/trade/FLUX_BUSD?_from=markets
133,IOST,IOST,$0.01167000,+2.01%,12.68M,$218.33M,https://www.binance.com/en/trade/IOST_BUSD?_from=markets
134,CKB,CKB,$0.00542000,-0.37%,35.84M,$215.92M,https://www.binance.com/en/trade/CKB_BUSD?_from=markets
135,HIVE,Hive,$0.45590000,+0.11%,4.67M,$210.84M,https://www.binance.com/en/trade/HIVE_BUSD?_from=markets
136,SKL,SKALE Network,$0.04927000,+0.10%,11.92M,$207.12M,https://www.binance.com/en/trade/SKL_BUSD?_from=markets
137,WAXP,WAX,$0.08720000,+3.32%,18.33M,$206.84M,https://www.binance.com/en/trade/WAXP_BUSD?_from=markets
138,LPT,Livepeer,$7.20,-4.51%,10.67M,$196.94M,https://www.binance.com/en/trade/LPT_BUSD?_from=markets
139,SFP,SafePal,$0.52400000,+1.63%,6.34M,$193.70M,https://www.binance.com/en/trade/SFP_BUSD?_from=markets
140,ILV,Illuvium,$84.57,+12.74%,62.90M,$193.31M,https://www.binance.com/en/trade/ILV_BUSD?_from=markets
141,SYN,Synapse,$1.34,+1.93%,18.31M,$187.29M,https://www.binance.com/en/trade/SYN_USDT?_from=markets
142,ACH,Alchemy Pay,$0.03647000,-4.38%,109.90M,$185.34M,https://www.binance.com/en/trade/ACH_BUSD?_from=markets
143,LQTY,Liquity,$2.03,+3.84%,169.48M,$184.71M,https://www.binance.com/en/trade/LQTY_USDT?_from=markets
144,DGB,DigiByte,$0.01149000,+1.32%,4.66M,$183.63M,https://www.binance.com/en/trade/DGB_BUSD?_from=markets
145,SXP,Swipe,$0.32820000,+0.71%,16.28M,$182.61M,https://www.binance.com/en/trade/SXP_BUSD?_from=markets
146,STORJ,Storj,$0.44080000,+0.18%,16.37M,$182.02M,https://www.binance.com/en/trade/STORJ_BUSD?_from=markets
147,RIF,RSK Infrastructure Framework,$0.19140000,+22.46%,57.40M,$181.20M,https://www.binance.com/en/trade/RIF_USDT?_from=markets
148,STG,Stargate Finance,$1.05,-1.77%,79.19M,$176.27M,https://www.binance.com/en/trade/STG_BUSD?_from=markets
149,ZEN,Horizen,$12.29,+1.82%,19.71M,$164.94M,https://www.binance.com/en/trade/ZEN_BUSD?_from=markets
150,RLC,iExecRLC,$2.00,+4.56%,9.17M,$161.99M,https://www.binance.com/en/trade/RLC_USDT?_from=markets
151,ELF,aelf,$0.27960000,-0.07%,15.73M,$157.66M,https://www.binance.com/en/trade/ELF_BUSD?_from=markets
152,COCOS,Cocos-BCX,$2.18,-4.00%,63.62M,$154.89M,https://www.binance.com/en/trade/COCOS_BUSD?_from=markets
153,UMA,UMA,$2.23,-0.93%,12.80M,$153.75M,https://www.binance.com/en/trade/UMA_BUSD?_from=markets
154,LSK,Lisk,$1.17,-1.10%,2.92M,$150.81M,https://www.binance.com/en/trade/LSK_BUSD?_from=markets
155,CELR,Celer Network,$0.02127000,+1.48%,8.61M,$150.70M,https://www.binance.com/en/trade/CELR_BUSD?_from=markets
156,MULTI,Multichain,$10.53,+0.38%,3.39M,$149.79M,https://www.binance.com/en/trade/MULTI_BUSD?_from=markets
157,PLA,PlayDapp,$0.26550000,-0.93%,15.41M,$142.80M,https://www.binance.com/en/trade/PLA_BUSD?_from=markets
158,KNC,KyberNetwork,$0.86300000,-1.03%,23.64M,$142.30M,https://www.binance.com/en/trade/KNC_BUSD?_from=markets
159,SYS,Syscoin,$0.18820000,+4.15%,2.22M,$141.82M,https://www.binance.com/en/trade/SYS_BUSD?_from=markets
160,SLP,Smooth Love Potion,$0.00328100,-3.02%,22.57M,$139.36M,https://www.binance.com/en/trade/SLP_BUSD?_from=markets
161,SCRT,Secret,$0.84600000,+0.24%,4.68M,$138.14M,https://www.binance.com/en/trade/SCRT_BUSD?_from=markets
162,MC,Merit Circle,$0.37900000,-2.07%,4.79M,$137.81M,https://www.binance.com/en/trade/MC_BUSD?_from=markets
163,PUNDIX,Pundi X,$0.53200000,+2.31%,18.71M,$137.51M,https://www.binance.com/en/trade/PUNDIX_BUSD?_from=markets
164,PEOPLE,ConstitutionDAO,$0.02680000,+1.02%,15.11M,$135.61M,https://www.binance.com/en/trade/PEOPLE_BUSD?_from=markets
165,GTC,Gitcoin,$2.18,-5.38%,16.48M,$130.61M,https://www.binance.com/en/trade/GTC_BUSD?_from=markets
166,HFT,Hashflow,$0.69030000,-0.50%,46.03M,$130.21M,https://www.binance.com/en/trade/HFT_BUSD?_from=markets
167,CVC,Civic,$0.13000000,+4.33%,44.72M,$130.00M,https://www.binance.com/en/trade/CVC_BUSD?_from=markets
168,API3,API3,$1.60,+2.11%,8.87M,$128.30M,https://www.binance.com/en/trade/API3_BUSD?_from=markets
169,CHR,Chromia,$0.18350000,+1.77%,14.59M,$125.98M,https://www.binance.com/en/trade/CHR_BUSD?_from=markets
170,REN,Ren,$0.12577500,+17.39%,230.91M,$125.65M,https://www.binance.com/en/trade/REN_BUSD?_from=markets
171,NMR,Numeraire,$21.19,+4.75%,45.02M,$124.77M,https://www.binance.com/en/trade/NMR_BUSD?_from=markets
172,HOOK,Hooked Protocol,$2.47,+4.96%,79.16M,$123.50M,https://www.binance.com/en/trade/HOOK_BUSD?_from=markets
173,POLYX,Polymesh,$0.20540000,+1.94%,10.03M,$121.68M,https://www.binance.com/en/trade/POLYX_BUSD?_from=markets
174,XNO,Nano,$0.91300000,+0.66%,1.62M,$121.65M,https://www.binance.com/en/trade/XNO_BUSD?_from=markets
175,SNT,Status,$0.03022000,-1.53%,5.12M,$119.43M,https://www.binance.com/en/trade/SNT_BUSD?_from=markets
176,DENT,DENT,$0.00118300,+0.68%,6.23M,$117.12M,https://www.binance.com/en/trade/DENT_BUSD?_from=markets
177,REQ,Request Network,$0.11380000,+0.89%,3.63M,$113.78M,https://www.binance.com/en/trade/REQ_BUSD?_from=markets
178,VGX,Voyager Token,$0.40200000,-0.25%,24.25M,$111.94M,https://www.binance.com/en/trade/VGX_USDT?_from=markets
179,DEXE,DeXe,$3.06,+3.62%,2.11M,$111.60M,https://www.binance.com/en/trade/DEXE_BUSD?_from=markets
180,ONG,Ontology Gas,$0.33100000,+0.06%,3.71M,$110.34M,https://www.binance.com/en/trade/ONG_USDT?_from=markets
181,ANT,Aragon,$2.73,-0.15%,7.06M,$109.28M,https://www.binance.com/en/trade/ANT_BUSD?_from=markets
182,CTSI,Cartesi,$0.16500000,-0.36%,6.87M,$107.92M,https://www.binance.com/en/trade/CTSI_BUSD?_from=markets
183,POWR,PowerLedger,$0.22360000,+2.24%,144.54M,$107.39M,https://www.binance.com/en/trade/POWR_BUSD?_from=markets
184,ALPHA,Alpha Finance Lab,$0.13830000,+1.39%,4.18M,$107.04M,https://www.binance.com/en/trade/ALPHA_BUSD?_from=markets
185,DODO,DODO,$0.23640000,-10.89%,54.14M,$106.97M,https://www.binance.com/en/trade/DODO_BUSD?_from=markets
186,ARDR,Ardor,$0.10690000,+0.75%,3.21M,$106.79M,https://www.binance.com/en/trade/ARDR_USDT?_from=markets
187,GAL,Galxe,$1.96,+0.46%,13.74M,$106.36M,https://www.binance.com/en/trade/GAL_BUSD?_from=markets
188,COTI,COTI,$0.09010000,+3.09%,9.01M,$105.98M,https://www.binance.com/en/trade/COTI_BUSD?_from=markets
189,PYR,Vulcan Forged PYR,$3.76,-2.34%,9.24M,$102.20M,https://www.binance.com/en/trade/PYR_BUSD?_from=markets
190,STEEM,Steem,$0.23780000,+0.46%,11.86M,$101.80M,https://www.binance.com/en/trade/STEEM_BUSD?_from=markets
191,VTHO,VeThor Token,$0.00168700,+1.32%,1.83M,$100.73M,https://www.binance.com/en/trade/VTHO_USDT?_from=markets
192,RAD,Radicle,$2.00,+0.81%,4.46M,$97.65M,https://www.binance.com/en/trade/RAD_BUSD?_from=markets
193,DUSK,Dusk Network,$0.23400000,+0.30%,28.36M,$96.84M,https://www.binance.com/en/trade/DUSK_BUSD?_from=markets
194,WIN,WINkLink,$0.00010060,+0.70%,8.81M,$96.75M,https://www.binance.com/en/trade/WIN_BUSD?_from=markets
195,MBOX,MOBOX,$0.52700000,-1.13%,6.04M,$95.40M,https://www.binance.com/en/trade/MBOX_BUSD?_from=markets
196,MDX,Mdex,$0.09880000,+0.41%,3.99M,$93.84M,https://www.binance.com/en/trade/MDX_BUSD?_from=markets
197,POND,Marlin,$0.01159000,-1.70%,5.04M,$93.73M,https://www.binance.com/en/trade/POND_BUSD?_from=markets
198,PROM,Prometeus,$5.13,+0.20%,2.93M,$93.62M,https://www.binance.com/en/trade/PROM_BUSD?_from=markets
199,HIGH,Highstreet,$2.93,-1.08%,43.37M,$91.67M,https://www.binance.com/en/trade/HIGH_BUSD?_from=markets
200,TRU,TrueFi,$0.09360000,+2.18%,83.14M,$91.66M,https://www.binance.com/en/trade/TRU_USDT?_from=markets
201,NKN,NKN,$0.12100000,+2.28%,4.71M,$91.33M,https://www.binance.com/en/trade/NKN_BUSD?_from=markets
202,ACA,Acala Token,$0.14890000,+9.81%,5.01M,$91.28M,https://www.binance.com/en/trade/ACA_BUSD?_from=markets
203,STRAX,Stratis,$0.61900000,+0.98%,5.42M,$90.75M,https://www.binance.com/en/trade/STRAX_BUSD?_from=markets
204,SPELL,Spell Token,$0.00084310,+0.48%,8.53M,$90.55M,https://www.binance.com/en/trade/SPELL_BUSD?_from=markets
205,JOE,JOE,$0.26900000,+7.90%,10.46M,$90.50M,https://www.binance.com/en/trade/JOE_BUSD?_from=markets
206,PHA,Phala.Network,$0.17540000,+2.63%,10.72M,$89.96M,https://www.binance.com/en/trade/PHA_BUSD?_from=markets
207,STPT,Standard Tokenization Protocol,$0.04864000,-1.04%,5.33M,$89.71M,https://www.binance.com/en/trade/STPT_BUSD?_from=markets
208,IQ,Everipedia,$0.00706000,-0.56%,4.32M,$88.39M,https://www.binance.com/en/trade/IQ_BUSD?_from=markets
209,MTL,Metal,$1.30,-0.99%,9.28M,$86.56M,https://www.binance.com/en/trade/MTL_BUSD?_from=markets
210,BSW,Biswap,$0.22200000,+3.21%,10.68M,$82.81M,https://www.binance.com/en/trade/BSW_BUSD?_from=markets
211,XVS,Venus,$5.62,-0.53%,2.16M,$82.64M,https://www.binance.com/en/trade/XVS_BUSD?_from=markets
212,SRM,Serum,$0.30975000,-1.38%,13.50M,$81.54M,https://www.binance.com/en/trade/SRM_BUSD?_from=markets
213,FUN,FunToken,$0.00712000,+0.85%,1.32M,$78.05M,https://www.binance.com/en/trade/FUN_USDT?_from=markets
214,TLM,Alien Worlds,$0.02267000,+0.18%,8.34M,$78.05M,https://www.binance.com/en/trade/TLM_BUSD?_from=markets
215,ALICE,My Neighbor Alice,$1.87,-1.63%,16.05M,$77.54M,https://www.binance.com/en/trade/ALICE_BUSD?_from=markets
216,CTK,Shentu,$0.83800000,+2.57%,3.22M,$75.56M,https://www.binance.com/en/trade/CTK_BUSD?_from=markets
217,BNT,Bancor,$0.47900000,+0.84%,5.84M,$75.52M,https://www.binance.com/en/trade/BNT_BUSD?_from=markets
218,QKC,QuarkChain,$0.01167900,+0.98%,2.81M,$74.74M,https://www.binance.com/en/trade/QKC_BUSD?_from=markets
219,BADGER,Badger DAO,$3.77,+5.27%,31.81M,$71.75M,https://www.binance.com/en/trade/BADGER_BUSD?_from=markets
220,WRX,WazirX,$0.18790000,-1.36%,1.13M,$71.75M,https://www.binance.com/en/trade/WRX_BUSD?_from=markets
221,BETA,Beta Finance,$0.11090000,+4.75%,10.90M,$71.74M,https://www.binance.com/en/trade/BETA_BUSD?_from=markets
222,REEF,Reef,$0.00330600,-0.09%,8.67M,$71.50M,https://www.binance.com/en/trade/REEF_BUSD?_from=markets
223,GFT,Gifto,$0.07087000,+2.06%,27.01M,$70.81M,https://www.binance.com/en/trade/GFT_BUSD?_from=markets
224,OGN,OriginToken,$0.13780000,+1.85%,9.55M,$70.09M,https://www.binance.com/en/trade/OGN_BUSD?_from=markets
225,STMX,StormX,$0.00700200,+1.32%,5.82M,$70.02M,https://www.binance.com/en/trade/STMX_BUSD?_from=markets
226,FORTH,Ampleforth Governance Token,$4.55,+2.48%,2.24M,$69.11M,https://www.binance.com/en/trade/FORTH_BUSD?_from=markets
227,LOOM,Loom Network,$0.06071000,+0.12%,97.54M,$67.83M,https://www.binance.com/en/trade/LOOM_BUSD?_from=markets
228,YGG,Yield Guild Games,$0.32130000,+2.75%,17.44M,$67.42M,https://www.binance.com/en/trade/YGG_BUSD?_from=markets
229,GHST,Aavegotchi,$1.49,+1.16%,9.03M,$67.19M,https://www.binance.com/en/trade/GHST_BUSD?_from=markets
230,OXT,Orchid,$0.09690000,+1.68%,2.99M,$66.92M,https://www.binance.com/en/trade/OXT_BUSD?_from=markets
231,WNXM,Wrapped NXM,$22.99,+1.41%,28.11M,$66.58M,https://www.binance.com/en/trade/WNXM_USDT?_from=markets
232,ARK,Ark,$0.39190000,+0.82%,2.82M,$66.53M,https://www.binance.com/en/trade/ARK_BUSD?_from=markets
233,DAR,Mines of Dalarnia,$0.20979000,+0.15%,16.23M,$65.13M,https://www.binance.com/en/trade/DAR_BUSD?_from=markets
234,MOVR,Moonriver,$10.08,+0.80%,4.23M,$64.79M,https://www.binance.com/en/trade/MOVR_BUSD?_from=markets
235,KEY,Selfkey,$0.01214600,+4.29%,23.49M,$64.43M,https://www.binance.com/en/trade/KEY_BUSD?_from=markets
236,SUN,SUN,$0.00689000,+1.17%,12.22M,$63.51M,https://www.binance.com/en/trade/SUN_BUSD?_from=markets
237,ATA,Automata,$0.17570000,-0.06%,4.30M,$63.25M,https://www.binance.com/en/trade/ATA_BUSD?_from=markets
238,MBL,MovieBloc,$0.00387500,-0.46%,3.95M,$60.96M,https://www.binance.com/en/trade/MBL_BUSD?_from=markets
239,AERGO,Aergo,$0.14110000,+0.57%,5.35M,$60.67M,https://www.binance.com/en/trade/AERGO_BUSD?_from=markets
240,SUPER,SuperFarm,$0.14980000,-1.32%,3.82M,$60.49M,https://www.binance.com/en/trade/SUPER_BUSD?_from=markets
241,PERP,Perpetual Protocol,$0.91464000,-1.67%,12.66M,$60.36M,https://www.binance.com/en/trade/PERP_BUSD?_from=markets
242,C98,Coin98,$0.27360000,-0.98%,16.07M,$59.35M,https://www.binance.com/en/trade/C98_BUSD?_from=markets
243,CTXC,Cortex,$0.27810000,+0.91%,14.46M,$58.08M,https://www.binance.com/en/trade/CTXC_BUSD?_from=markets
244,UTK,Utrust,$0.11600000,-1.28%,4.37M,$58.00M,https://www.binance.com/en/trade/UTK_BUSD?_from=markets
245,WAN,Wanchain,$0.29520000,-1.17%,1.09M,$57.92M,https://www.binance.com/en/trade/WAN_USDT?_from=markets
246,TKO,Tokocrypto,$0.35660000,-0.97%,3.70M,$57.25M,https://www.binance.com/en/trade/TKO_BUSD?_from=markets
247,VAI,Vai,$0.97943193,+0.98%,"58,041.12",$56.31M,https://www.binance.com/en/trade/VAI_BUSD?_from=markets
248,RARE,SuperRare,$0.16080000,+0.75%,2.45M,$55.63M,https://www.binance.com/en/trade/RARE_BUSD?_from=markets
249,XVG,Verge,$0.00335300,+0.39%,"621,290.17",$55.37M,https://www.binance.com/en/trade/XVG_BUSD?_from=markets
250,LTO,LTO Network,$0.12950000,+6.76%,8.69M,$53.27M,https://www.binance.com/en/trade/LTO_BUSD?_from=markets
251,PHB,Phoenix,$1.43,+4.80%,21.99M,$53.10M,https://www.binance.com/en/trade/PHB_BUSD?_from=markets
252,RAY,Raydium,$0.29290000,-2.82%,6.35M,$52.75M,https://www.binance.com/en/trade/RAY_BUSD?_from=markets
253,MLN,Enzyme,$25.81,+2.38%,1.02M,$52.61M,https://www.binance.com/en/trade/MLN_BUSD?_from=markets
254,POLS,Polkastarter,$0.52700000,-0.94%,3.54M,$52.28M,https://www.binance.com/en/trade/POLS_BUSD?_from=markets
255,ARPA,ARPA Chain,$0.04205000,-0.14%,7.87M,$52.26M,https://www.binance.com/en/trade/ARPA_BUSD?_from=markets
256,IRIS,IRISnet,$0.03599000,+0.64%,3.64M,$52.01M,https://www.binance.com/en/trade/IRIS_USDT?_from=markets
257,FLM,Flamingo,$0.11090000,-0.36%,3.54M,$50.08M,https://www.binance.com/en/trade/FLM_USDT?_from=markets
258,YFII,DFI.Money,"$1,296.50",-1.25%,15.29M,$50.03M,https://www.binance.com/en/trade/YFII_USDT?_from=markets
259,QUICK,QuickSwap,$97.10,-3.00%,7.07M,$49.90M,https://www.binance.com/en/trade/QUICK_BUSD?_from=markets
260,TVK,Virtua,$0.05040000,+0.80%,23.94M,$49.22M,https://www.binance.com/en/trade/TVK_BUSD?_from=markets
261,LINA,Linear,$0.01022000,-0.73%,16.36M,$48.98M,https://www.binance.com/en/trade/LINA_BUSD?_from=markets
262,ALPACA,Alpaca Finance,$0.32000000,+2.47%,3.10M,$48.87M,https://www.binance.com/en/trade/ALPACA_BUSD?_from=markets
263,QLC,Kepple,$0.08038399,-2.87%,1.44M,$48.23M,https://www.binance.com/en/trade/QLC_BTC?_from=markets
264,LIT,Litentry,$1.20,-1.23%,11.35M,$47.54M,https://www.binance.com/en/trade/LIT_BUSD?_from=markets
265,HIFI,Hifi Finance,$0.49700000,+1.16%,3.62M,$47.22M,https://www.binance.com/en/trade/HIFI_USDT?_from=markets
266,MDT,Measurable Data Token,$0.06971000,+6.80%,55.27M,$47.13M,https://www.binance.com/en/trade/MDT_BUSD?_from=markets
267,BAKE,BakeryToken,$0.23750000,-1.21%,9.66M,$45.96M,https://www.binance.com/en/trade/BAKE_BUSD?_from=markets
268,FIS,Stafi,$0.73950000,-2.26%,10.37M,$44.70M,https://www.binance.com/en/trade/FIS_BUSD?_from=markets
269,IDEX,IDEX,$0.06164000,+1.63%,5.98M,$41.53M,https://www.binance.com/en/trade/IDEX_BUSD?_from=markets
270,LOKA,League of Kingdoms,$0.56070000,-2.33%,4.57M,$41.42M,https://www.binance.com/en/trade/LOKA_BUSD?_from=markets
271,AGLD,Adventure Gold,$0.58700000,-2.81%,12.55M,$41.18M,https://www.binance.com/en/trade/AGLD_BUSD?_from=markets
272,AUCTION,Auction,$6.28,-0.63%,1.97M,$40.82M,https://www.binance.com/en/trade/AUCTION_BUSD?_from=markets
273,ALCX,Alchemix,$23.64,+2.52%,7.26M,$40.36M,https://www.binance.com/en/trade/ALCX_BUSD?_from=markets
274,ORN,Orion Protocol,$1.18,+7.95%,7.59M,$40.29M,https://www.binance.com/en/trade/ORN_BUSD?_from=markets
275,TOMO,TomoChain,$0.42530000,-1.55%,4.56M,$40.18M,https://www.binance.com/en/trade/TOMO_BUSD?_from=markets
276,BLZ,Bluzelle,$0.11660000,-1.93%,12.58M,$39.76M,https://www.binance.com/en/trade/BLZ_BUSD?_from=markets
277,CHESS,Tranchess,$0.34320000,-6.23%,8.38M,$39.66M,https://www.binance.com/en/trade/CHESS_BUSD?_from=markets
278,KMD,Komodo,$0.29170000,-0.58%,"631,458.02",$39.65M,https://www.binance.com/en/trade/KMD_USDT?_from=markets
279,KP3R,Keep3rV1,$92.59,-0.93%,2.57M,$39.36M,https://www.binance.com/en/trade/KP3R_BUSD?_from=markets
280,AVA,Travala.com,$0.74300000,-1.20%,1.43M,$38.79M,https://www.binance.com/en/trade/AVA_BUSD?_from=markets
281,BOND,BarnBridge,$4.85,+0.56%,5.00M,$38.36M,https://www.binance.com/en/trade/BOND_BUSD?_from=markets
282,BAR,FC Barcelona Fan Token BAR,$4.05,-0.98%,2.24M,$38.09M,https://www.binance.com/en/trade/BAR_BUSD?_from=markets
283,BEL,Bella Protocol,$0.79060000,-0.25%,6.97M,$37.94M,https://www.binance.com/en/trade/BEL_BUSD?_from=markets
284,QI,BENQI,$0.01097000,-1.26%,4.49M,$37.93M,https://www.binance.com/en/trade/QI_BUSD?_from=markets
285,LEVER,LeverFi,$0.00247400,-1.98%,8.23M,$37.92M,https://www.binance.com/en/trade/LEVER_BUSD?_from=markets
286,DIA,DIA,$0.41200000,-0.48%,2.07M,$37.83M,https://www.binance.com/en/trade/DIA_BUSD?_from=markets
287,SNM,SONM,$0.81990000,+1.18%,4.39M,$36.40M,https://www.binance.com/en/trade/SNM_BUSD?_from=markets
288,BIFI,Beefy.Finance,$453.50,-0.90%,"809,088.80",$36.28M,https://www.binance.com/en/trade/BIFI_BUSD?_from=markets
289,GAS,NeoGas,$3.50,+0.78%,17.89M,$35.44M,https://www.binance.com/en/trade/GAS_BUSD?_from=markets
290,CLV,Clover Finance,$0.07998000,-0.45%,2.75M,$35.41M,https://www.binance.com/en/trade/CLV_BUSD?_from=markets
291,ALPINE,Alpine F1 Team Fan Token,$3.11,-0.95%,6.11M,$35.32M,https://www.binance.com/en/trade/ALPINE_BUSD?_from=markets
292,BTS,BitShares,$0.01166000,-0.09%,1.33M,$34.91M,https://www.binance.com/en/trade/BTS_USDT?_from=markets
293,DEGO,Dego Finance,$2.44,+3.17%,5.09M,$34.56M,https://www.binance.com/en/trade/DEGO_BUSD?_from=markets
294,ERN,Ethernity Chain,$2.19,-0.45%,3.31M,$33.88M,https://www.binance.com/en/trade/ERN_BUSD?_from=markets
295,VIDT,VIDT DAO,$0.04300000,+0.47%,3.52M,$33.11M,https://www.binance.com/en/trade/VIDT_BUSD?_from=markets
296,REI,REI Network,$0.03480000,+0.29%,1.76M,$33.05M,https://www.binance.com/en/trade/REI_BUSD?_from=markets
297,AMB,AirDAO,$0.02611000,+13.42%,10.20M,$31.83M,https://www.binance.com/en/trade/AMB_BUSD?_from=markets
298,DATA,Streamr,$0.04135000,-1.24%,2.65M,$31.72M,https://www.binance.com/en/trade/DATA_BUSD?_from=markets
299,FIO,FIO Protocol,$0.04240000,+1.68%,2.54M,$31.48M,https://www.binance.com/en/trade/FIO_BUSD?_from=markets
300,TRB,Tellor Tributes,$18.36,+1.44%,8.89M,$31.27M,https://www.binance.com/en/trade/TRB_BUSD?_from=markets
301,FIRO,Firo,$2.56,+0.23%,2.46M,$30.97M,https://www.binance.com/en/trade/FIRO_BUSD?_from=markets
302,UNFI,Unifi Protocol DAO,$6.12,-0.47%,7.49M,$30.26M,https://www.binance.com/en/trade/UNFI_BUSD?_from=markets
303,COS,Contentos,$0.00725000,+0.00%,3.95M,$30.16M,https://www.binance.com/en/trade/COS_BUSD?_from=markets
304,PSG,Paris Saint-Germain Fan Token,$6.21,+0.00%,2.29M,$30.06M,https://www.binance.com/en/trade/PSG_BUSD?_from=markets
305,TROY,Troy,$0.00347400,-0.29%,"569,256.03",$29.96M,https://www.binance.com/en/trade/TROY_BUSD?_from=markets
306,ADX,Ambire AdEx,$0.20880000,+8.24%,8.36M,$29.76M,https://www.binance.com/en/trade/ADX_BUSD?_from=markets
307,NEBL,Neblio,$1.50,-1.77%,1.80M,$29.74M,https://www.binance.com/en/trade/NEBL_BUSD?_from=markets
308,VOXEL,Voxies,$0.28620000,+2.29%,4.99M,$29.73M,https://www.binance.com/en/trade/VOXEL_BUSD?_from=markets
309,PIVX,PIVX,$0.40476538,-3.61%,2.90M,$29.07M,https://www.binance.com/en/trade/PIVX_BTC?_from=markets
310,HARD,Kava Lend,$0.20670000,-1.57%,3.09M,$27.86M,https://www.binance.com/en/trade/HARD_BUSD?_from=markets
311,CITY,Manchester City Fan Token,$4.77,+0.00%,2.96M,$27.61M,https://www.binance.com/en/trade/CITY_BUSD?_from=markets
312,NULS,Nuls,$0.27070000,-1.85%,2.00M,$27.47M,https://www.binance.com/en/trade/NULS_BUSD?_from=markets
313,LAZIO,Lazio Fan Token,$3.19,-1.20%,5.26M,$27.43M,https://www.binance.com/en/trade/LAZIO_BUSD?_from=markets
314,VITE,VITE,$0.02866000,+0.63%,2.45M,$27.39M,https://www.binance.com/en/trade/VITE_BUSD?_from=markets
315,FARM,Harvest Finance,$40.10,-0.50%,1.29M,$27.31M,https://www.binance.com/en/trade/FARM_BUSD?_from=markets
316,BURGER,BurgerCities,$0.75230000,-1.72%,7.80M,$26.97M,https://www.binance.com/en/trade/BURGER_BUSD?_from=markets
317,OM,MANTRA,$0.04390000,-2.44%,3.36M,$26.19M,https://www.binance.com/en/trade/OM_BUSD?_from=markets
318,DREP,DREP,$0.53080000,-1.92%,5.81M,$25.86M,https://www.binance.com/en/trade/DREP_BUSD?_from=markets
319,WING,Wing Token,$7.68,+0.79%,2.42M,$24.31M,https://www.binance.com/en/trade/WING_BUSD?_from=markets
320,DF,dForce,$0.05460000,+0.00%,2.62M,$23.58M,https://www.binance.com/en/trade/DF_BUSD?_from=markets
321,EPX,Ellipsis,$0.00035500,-0.56%,1.44M,$22.95M,https://www.binance.com/en/trade/EPX_BUSD?_from=markets
322,CREAM,Cream Finance,$12.31,-1.28%,1.06M,$22.84M,https://www.binance.com/en/trade/CREAM_BUSD?_from=markets
323,SANTOS,Santos FC Fan Token,$5.02,-2.22%,14.90M,$22.84M,https://www.binance.com/en/trade/SANTOS_BUSD?_from=markets
324,FRONT,Frontier,$0.25200000,+0.88%,2.74M,$22.68M,https://www.binance.com/en/trade/FRONT_BUSD?_from=markets
325,AUTO,Auto,$296.90,-0.74%,5.32M,$22.55M,https://www.binance.com/en/trade/AUTO_BUSD?_from=markets
326,FIDA,Bonfida,$0.50070000,-2.51%,8.25M,$22.39M,https://www.binance.com/en/trade/FIDA_BUSD?_from=markets
327,OOKI,OokiDAO,$0.00504000,+0.00%,2.48M,$22.38M,https://www.binance.com/en/trade/OOKI_BUSD?_from=markets
328,DOCK,DOCK,$0.02521000,-4.18%,3.20M,$21.71M,https://www.binance.com/en/trade/DOCK_BUSD?_from=markets
329,PORTO,FC Porto Fan Token,$2.78,-0.18%,6.31M,$21.68M,https://www.binance.com/en/trade/PORTO_BUSD?_from=markets
330,AKRO,Akropolis,$0.00502000,-2.33%,6.62M,$21.04M,https://www.binance.com/en/trade/AKRO_BUSD?_from=markets
331,VIB,Viberate,$0.10484000,-0.42%,4.94M,$20.92M,https://www.binance.com/en/trade/VIB_BUSD?_from=markets
332,WTC,Walton,$0.24900000,+2.85%,1.33M,$20.40M,https://www.binance.com/en/trade/WTC_USDT?_from=markets
333,AST,AirSwap,$0.11429227,-2.03%,"355,922.16",$19.94M,https://www.binance.com/en/trade/AST_BTC?_from=markets
334,FOR,ForTube,$0.02430000,+0.12%,3.23M,$19.31M,https://www.binance.com/en/trade/FOR_BUSD?_from=markets
335,OAX,openANX,$0.24518301,-0.48%,1.02M,$18.89M,https://www.binance.com/en/trade/OAX_BTC?_from=markets
336,PROS,Prosper,$0.63330000,+0.11%,2.24M,$18.35M,https://www.binance.com/en/trade/PROS_BUSD?_from=markets
337,PNT,pNetwork,$0.23930000,+4.91%,7.37M,$16.37M,https://www.binance.com/en/trade/PNT_USDT?_from=markets
338,CVP,PowerPool,$0.53950000,-0.17%,4.59M,$15.41M,https://www.binance.com/en/trade/CVP_BUSD?_from=markets
339,BIDR,BIDR,$0.00006553,+0.03%,15.44M,$14.79M,https://www.binance.com/en/trade/BIDR_BUSD?_from=markets
340,ACM,AC Milan Fan Token,$2.80,+0.07%,1.32M,$14.61M,https://www.binance.com/en/trade/ACM_BUSD?_from=markets
341,WABI,TAEL,$0.13563315,-1.89%,"608,265.00",$13.56M,https://www.binance.com/en/trade/WABI_BTC?_from=markets
342,PERL,Perlin,$0.02755000,+16.05%,10.48M,$13.52M,https://www.binance.com/en/trade/PERL_USDT?_from=markets
343,UFT,UniLend,$0.41660000,-0.17%,3.18M,$12.93M,https://www.binance.com/en/trade/UFT_BUSD?_from=markets
344,JUV,Juventus Fan Token,$2.82,+0.36%,"884,958.50",$12.43M,https://www.binance.com/en/trade/JUV_BUSD?_from=markets
345,OG,OG Fan Token,$2.86,+1.56%,3.22M,$10.74M,https://www.binance.com/en/trade/OG_BUSD?_from=markets
346,ATM,Atlético de Madrid Fan Token,$3.22,+0.63%,1.79M,$10.73M,https://www.binance.com/en/trade/ATM_BUSD?_from=markets
347,TORN,Tornado Cash,$8.21,+2.11%,3.46M,$9.02M,https://www.binance.com/en/trade/TORN_BUSD?_from=markets
348,IDRT,Rupiah Token,$0.00006553,+0.12%,"114,279.47",$7.93M,https://www.binance.com/en/trade/IDRT_USDT?_from=markets
349,ASR,AS Roma Fan Token,$2.82,-1.36%,1.07M,$6.41M,https://www.binance.com/en/trade/ASR_BUSD?_from=markets
350,ADADOWN,ADADOWN,$0.00271700,+1.15%,1.87M,–,https://www.binance.com/en/trade/ADADOWN_USDT?_from=markets
351,ADAUP,ADAUP,$0.40800000,-0.97%,"605,497.04",–,https://www.binance.com/en/trade/ADAUP_USDT?_from=markets
352,AUD,Australian Dollar,$0.67680000,+0.15%,–,–,https://www.binance.com/en/trade/AUD_BUSD?_from=markets
353,BETH,BETH,"$1,634.03",+0.85%,15.66M,–,https://www.binance.com/en/trade/BETH_BUSD?_from=markets
354,BNBDOWN,BNBDOWN,$0.01419000,+1.36%,"356,549.22",–,https://www.binance.com/en/trade/BNBDOWN_USDT?_from=markets
355,BNBUP,BNBUP,$44.43,-0.38%,"82,955.24",–,https://www.binance.com/en/trade/BNBUP_USDT?_from=markets
356,BTCDOWN,BTCDOWN,$0.01535400,-1.56%,1.22M,–,https://www.binance.com/en/trade/BTCDOWN_USDT?_from=markets
357,BTCUP,BTCUP,$4.57,+1.40%,"460,267.94",–,https://www.binance.com/en/trade/BTCUP_USDT?_from=markets
358,ETHDOWN,ETHDOWN,$0.38400000,-2.34%,7.38M,–,https://www.binance.com/en/trade/ETHDOWN_USDT?_from=markets
359,ETHUP,ETHUP,$4.60,+1.88%,"788,475.06",–,https://www.binance.com/en/trade/ETHUP_USDT?_from=markets
360,EUR,Euro,$1.06,+0.35%,–,–,https://www.binance.com/en/trade/EUR_BUSD?_from=markets
361,GBP,Pound Sterling,$1.20,-0.50%,–,–,https://www.binance.com/en/trade/GBP_BUSD?_from=markets
362,GNS,Gains Network,$7.98,-2.66%,20.81M,–,https://www.binance.com/en/trade/GNS_USDT?_from=markets
363,LINKDOWN,LINKDOWN,$0.00139100,+4.27%,"684,312.35",–,https://www.binance.com/en/trade/LINKDOWN_USDT?_from=markets
364,LINKUP,LINKUP,$0.00783000,+3.03%,"779,901.31",–,https://www.binance.com/en/trade/LINKUP_USDT?_from=markets
365,XRPDOWN,XRPDOWN,$0.00019650,-1.36%,"652,342.53",–,https://www.binance.com/en/trade/XRPDOWN_USDT?_from=markets
366,XRPUP,XRPUP,$0.10160000,+0.89%,"225,542.47",–,https://www.binance.com/en/trade/XRPUP_USDT?_from=markets
